feature,importance,mean_shap_value
average_cadence,0.7208703,-0.01614396
30d_avg_cadence,0.2610729,0.047026847
distance,0.12276892,-0.046508946
moving_time,0.07859872,0.032037735
days_since_last_run,0.06509122,0.009975882
30d_avg_moving_time,0.056786522,0.0030355258
max_heart_rate,0.053281344,-0.00813338
max_speed,0.050885994,0.0043773022
average_heart_rate,0.04837611,-0.009196195
temperature,0.04489947,-0.002803071
elevation_gain,0.03826995,0.00059401325
30d_avg_distance,0.035570405,0.0002522289
heart_rate_diff,0.035456844,-0.00034994658
7d_avg_moving_time,0.032005727,-0.0016015829
distance_diff,0.022517763,-0.0007097781
week_number,0.022254933,0.0013035086
30d_avg_heart_rate,0.021928357,0.0045276666
hr_t-3,0.021725291,-0.0015992562
7d_total_distance,0.020242807,-0.0023183227
7d_avg_distance,0.02008739,-0.000214941
7d_avg_cadence,0.01971285,-0.0060602836
30d_total_distance,0.016727423,-6.138373e-05
hr_t-4,0.015004638,-0.00015857992
month,0.01329178,0.00031975302
cadence_t-4,0.012941778,-0.00053614564
7d_avg_heart_rate,0.012594316,-0.0057777767
day_of_week,0.012164449,0.00017146861
elapsed_time,0.012066213,0.004482927
average_grade,0.011949988,0.0022498725
cadence_t-1,0.010706814,-0.002810777
hr_t-2,0.010446494,0.001192265
30d_avg_relative_effort,0.00942675,-0.002545487
cadence_t-2,0.009323931,0.0046484936
30d_avg_grade,0.008844,0.00024791228
elevation_loss,0.008779563,-0.00091684004
30d_run_count,0.008135437,0.0011909642
humidity,0.0075132274,0.0020595773
heart_rate_previous,0.0069135143,0.00088586897
7d_avg_relative_effort,0.006058199,-0.0014191364
7d_run_count,0.0056170924,0.0003608815
cadence_t-3,0.005147524,-0.002968887
relative_effort,0.004852243,-0.0011601013
distance_previous,0.0045711356,-0.0011940943
7d_avg_grade,0.0043734824,0.0007273168
pace_t-2_6:29,0.0009462328,-0.0009462328
pace_t-3_8:47,0.00087007455,0.00087007455
"7d_avg_pace_6'02""",0.00079803856,-0.00079803856
"pace_previous_6'29""",0.00077749084,-0.00077749084
"7d_avg_pace_7'29""",0.0007740525,0.0007740525
"7d_avg_pace_6'29""",0.0007542799,-0.0007542799
"7d_avg_pace_7'46""",0.0006935229,0.0006935229
"7d_avg_pace_7'49""",0.0006635881,0.0006635881
"pace_diff_1'55""",0.0006594596,-0.0006594596
hr_t-1,0.0006110335,0.00012455316
pace_t-3_6:06,0.00056526694,-0.00056526694
"7d_avg_pace_6'07""",0.0004806197,-0.0004806197
"30d_avg_pace_5'46""",0.00047071907,-0.00047071907
"30d_avg_pace_8'16""",0.00044835068,0.00044835068
pace_t-2_7:45,0.00041292704,0.00041292704
pace_t-2_6:37,0.00041169787,-0.00041169787
"30d_avg_pace_6'07""",0.00038279637,-0.00038279637
"pace_previous_6'41""",0.0003709068,0.0003709068
"pace_previous_6'55""",0.00036949737,-0.00036949737
"pace_diff_20'50""",0.00036696435,-0.00036696435
"pace_previous_7'26""",0.00036222293,0.00036222293
"pace_previous_7'24""",0.00032687632,-0.00032687632
"30d_avg_pace_5'48""",0.00029404977,-0.00029404977
pace_t-3_6:29,0.00029049796,-0.00029049796
"30d_avg_pace_6'15""",0.0002887996,-0.0002887996
pace_t-2_6:27,0.00028201073,-0.00028201073
"pace_previous_8'32""",0.0002748081,0.0002748081
pace_t-2_7:07,0.00027049586,0.00027049586
pace_t-4_5:57,0.00026309193,-0.00026309193
"pace_diff_-0'11""",0.00024610927,0.00024610927
"30d_avg_pace_6'08""",0.00023540521,-0.00023540521
"pace_previous_5'51""",0.0002338997,-0.0002338997
"7d_avg_pace_6'18""",0.00022785629,-0.00022785629
pace_t-2_6:43,0.00022206162,-0.00022206162
"pace_previous_5'53""",0.00020865466,-0.00020865466
"7d_avg_pace_6'52""",0.00020709507,-0.00020709507
"pace_previous_5'41""",0.00020371674,-0.00020371674
"7d_avg_pace_6'30""",0.00020243299,-0.00020243299
"pace_diff_0'03""",0.00020075665,-0.00019300106
pace_t-3_7:20,0.00019582603,0.00019582603
"7d_avg_pace_6'35""",0.00019211156,-0.00019211156
"7d_avg_pace_7'58""",0.00018860107,0.00018860107
"pace_previous_6'02""",0.00018069804,-0.00018069804
pace_t-2_6:38,0.000178687,-0.000178687
"pace_diff_-0'41""",0.00017845696,0.00017845696
"7d_avg_pace_7'44""",0.00017164726,0.00017164726
pace_t-4_5:41,0.00016755707,-0.00016755707
"7d_avg_pace_6'16""",0.0001597499,-0.0001597499
"pace_previous_5'52""",0.00015957837,-0.00015957837
"pace_diff_-0'08""",0.00015793488,0.00015793488
"pace_previous_8'27""",0.00015736716,0.00015736716
"pace_diff_0'01""",0.00014659842,-0.00014659842
pace_t-2_5:58,0.0001435869,-0.0001435869
"30d_avg_pace_8'56""",0.00014028145,0.00014028145
pace_t-2_5:25,0.00013662924,-0.00013662924
"pace_diff_0'49""",0.00013535794,0.00013535794
"pace_previous_5'58""",0.0001347706,-0.00013231346
pace_t-4_5:49,0.00013242167,-0.00013242167
pace_t-2_8:07,0.00012842983,0.00012842983
pace_t-4_6:53,0.0001279366,-0.0001279366
"pace_previous_7'48""",0.00011889886,0.00011889886
"30d_avg_pace_8'50""",0.00011410097,0.00011410097
"pace_diff_0'09""",0.00011402781,0.00011402781
"30d_avg_pace_7'17""",0.00011200228,-0.00011200228
pace_t-2_6:30,0.00010851291,-0.00010851291
"pace_previous_6'38""",0.00010648442,-9.442375e-05
"30d_avg_pace_8'04""",0.00010616372,0.00010616372
"pace_previous_6'27""",0.00010607482,-0.00010607482
"pace_diff_0'44""",0.00010213653,0.00010213653
"pace_diff_-1'34""",0.00010105741,0.00010105741
"pace_diff_0'55""",9.97073e-05,-9.97073e-05
pace_t-4_5:52,9.876512e-05,-9.876512e-05
"pace_previous_5'55""",9.6672986e-05,-9.6672986e-05
"7d_avg_pace_6'31""",9.5527575e-05,-9.5527575e-05
"pace_previous_5'25""",9.546041e-05,9.546041e-05
"pace_previous_7'37""",9.42653e-05,9.42653e-05
"pace_previous_7'33""",9.268532e-05,9.268532e-05
pace_t-3_7:54,9.0185196e-05,9.0185196e-05
"7d_avg_pace_6'48""",8.634117e-05,-8.634117e-05
"7d_avg_pace_6'34""",8.5117535e-05,-8.5117535e-05
"pace_previous_8'22""",8.485151e-05,8.485151e-05
pace_t-2_7:52,8.403654e-05,8.403654e-05
pace_t-3_6:02,8.384292e-05,-8.384292e-05
"30d_avg_pace_6'18""",8.3300176e-05,-8.3300176e-05
"pace_previous_5'40""",8.214276e-05,8.214276e-05
"30d_avg_pace_7'51""",8.149161e-05,7.9408645e-05
pace_t-4_6:21,8.139284e-05,8.139284e-05
"7d_avg_pace_6'19""",7.896936e-05,-7.896936e-05
pace_t-4_5:54,7.816377e-05,-7.793694e-05
"pace_previous_7'34""",7.74861e-05,7.74861e-05
"pace_diff_-0'15""",7.4937874e-05,7.460935e-05
"7d_avg_pace_5'32""",7.477689e-05,7.477689e-05
"30d_avg_pace_7'11""",7.343328e-05,7.343328e-05
"pace_diff_-0'02""",7.339402e-05,-7.339402e-05
"7d_avg_pace_5'59""",7.321759e-05,-7.321759e-05
"pace_previous_7'52""",7.3006864e-05,7.3006864e-05
"pace_previous_8'31""",7.229663e-05,7.229663e-05
"30d_avg_pace_8'21""",7.056169e-05,7.056169e-05
pace_t-2_7:20,6.6566055e-05,6.6566055e-05
pace_t-4_5:53,6.613236e-05,-6.613236e-05
pace_t-2_5:38,6.440978e-05,-6.440978e-05
"pace_diff_0'11""",6.300408e-05,-6.300408e-05
pace_t-3_7:31,6.2256935e-05,-6.2256935e-05
"30d_avg_pace_5'56""",6.147061e-05,-6.147061e-05
pace_t-4_8:25,6.1387946e-05,6.1387946e-05
"pace_previous_7'45""",5.9401966e-05,5.9401966e-05
"30d_avg_pace_6'04""",5.8633374e-05,-5.8633374e-05
"30d_avg_pace_8'29""",5.762791e-05,5.762791e-05
"7d_avg_pace_6'04""",5.7498684e-05,-5.7498684e-05
pace_t-3_7:38,5.7038542e-05,5.7038542e-05
"pace_previous_8'54""",5.6532375e-05,5.6532375e-05
"30d_avg_pace_6'05""",5.5746645e-05,5.5746645e-05
"30d_avg_pace_5'54""",5.5416585e-05,-5.5416585e-05
pace_t-3_5:25,5.4270688e-05,-4.6742534e-05
pace_t-3_5:06,5.354875e-05,-5.354875e-05
"pace_diff_-1'29""",5.32965e-05,5.32965e-05
"30d_avg_pace_8'12""",5.260398e-05,5.260398e-05
"pace_previous_5'57""",5.2340678e-05,-5.2340678e-05
"7d_avg_pace_5'55""",5.2192918e-05,-5.2192918e-05
"7d_avg_pace_6'06""",5.2176307e-05,-5.2176307e-05
"pace_previous_8'49""",5.1748095e-05,5.1748095e-05
"7d_avg_pace_5'49""",5.123632e-05,-5.123632e-05
"30d_avg_pace_7'47""",5.0861236e-05,5.0861236e-05
pace_t-2_8:47,4.9249007e-05,4.9249007e-05
"pace_previous_7'54""",4.829089e-05,4.829089e-05
pace_t-1_6:29,4.6313773e-05,-4.6313773e-05
"pace_diff_-0'12""",4.5943863e-05,-4.5943863e-05
"pace_previous_5'00""",4.4402706e-05,-4.4402706e-05
"30d_avg_pace_8'25""",4.3588338e-05,4.3588338e-05
pace_t-1_8:32,4.311334e-05,4.311334e-05
pace_t-4_6:43,4.2763088e-05,-4.2763088e-05
"pace_diff_0'38""",4.261211e-05,-4.261211e-05
"7d_avg_pace_5'44""",4.218876e-05,-4.2184878e-05
"pace_diff_0'13""",4.2121603e-05,-4.2121603e-05
pace_t-4_6:02,4.1716085e-05,-4.1716085e-05
pace_t-2_6:21,4.1563548e-05,-4.1563548e-05
pace_t-3_8:22,4.0519004e-05,3.9104227e-05
pace_t-4_6:23,3.9857026e-05,-3.9857026e-05
"pace_previous_6'21""",3.8966416e-05,3.460879e-05
"pace_previous_9'02""",3.8781982e-05,3.85916e-05
"pace_diff_0'20""",3.8716724e-05,-3.8716724e-05
"pace_previous_7'56""",3.8707265e-05,3.8707265e-05
pace_t-2_6:06,3.8057708e-05,-3.3391676e-05
pace_t-3_7:44,3.7135884e-05,3.6314705e-05
pace_t-4_6:14,3.604313e-05,-3.604313e-05
pace_t-4_7:33,3.5315203e-05,3.5315203e-05
pace_t-3_6:13,3.503885e-05,-3.503885e-05
"pace_previous_6'36""",3.465766e-05,-1.2524325e-06
"7d_avg_pace_7'00""",3.4653945e-05,-3.4653945e-05
pace_t-2_7:33,3.399e-05,1.2097653e-05
"7d_avg_pace_8'31""",3.3227425e-05,3.3227425e-05
"7d_avg_pace_6'46""",3.3180408e-05,-3.3180408e-05
pace_t-1_6:55,3.291231e-05,-3.291231e-05
"pace_diff_-1'03""",3.277158e-05,3.277158e-05
pace_t-3_7:45,3.250919e-05,3.250919e-05
pace_t-4_5:55,3.2395736e-05,-3.2395736e-05
"pace_previous_7'40""",3.214436e-05,3.214436e-05
"pace_previous_6'04""",3.1846783e-05,-3.1846783e-05
pace_t-4_6:38,3.121561e-05,-3.121561e-05
"pace_diff_0'19""",3.1096726e-05,-1.1524829e-05
"30d_avg_pace_8'41""",3.0173662e-05,3.0173662e-05
pace_t-3_6:01,3.0073015e-05,-3.0073015e-05
pace_t-3_6:43,2.9532799e-05,-2.9532799e-05
"pace_previous_8'17""",2.8338945e-05,2.8338945e-05
"30d_avg_pace_8'18""",2.8209974e-05,-2.8209974e-05
"pace_diff_2'12""",2.8138384e-05,2.8138384e-05
pace_t-3_5:37,2.7943963e-05,-2.7943963e-05
"30d_avg_pace_5'53""",2.771169e-05,2.771169e-05
"pace_previous_7'25""",2.6965634e-05,-2.6965634e-05
"30d_avg_pace_5'38""",2.6760405e-05,-2.6760405e-05
"30d_avg_pace_7'58""",2.6239848e-05,2.6239848e-05
pace_t-3_5:41,2.4559042e-05,-2.4559042e-05
"30d_avg_pace_6'13""",2.4274423e-05,-2.4274423e-05
"pace_previous_7'42""",2.3897317e-05,2.3897317e-05
pace_t-4_7:35,2.3616598e-05,2.3616598e-05
"pace_diff_0'04""",2.266023e-05,-2.266023e-05
"30d_avg_pace_8'08""",2.2543027e-05,2.2543027e-05
"pace_previous_8'24""",2.1486987e-05,2.1486987e-05
"7d_avg_pace_5'51""",2.1166783e-05,-2.1166783e-05
pace_t-2_6:44,2.1020462e-05,-2.1020462e-05
pace_t-1_7:24,2.0917354e-05,-2.0917354e-05
pace_t-4_7:46,2.074231e-05,-2.074231e-05
"7d_avg_pace_8'44""",2.0515961e-05,2.0515961e-05
"pace_diff_0'50""",2.020124e-05,2.020124e-05
"pace_diff_1'42""",1.9993522e-05,-1.9993522e-05
pace_t-4_8:22,1.9883935e-05,-1.9883935e-05
"7d_avg_pace_5'54""",1.9365314e-05,-1.9365314e-05
"7d_avg_pace_5'43""",1.9244018e-05,-1.9244018e-05
"pace_previous_6'43""",1.9005854e-05,-1.7325305e-05
"pace_previous_4'45""",1.859624e-05,-1.859624e-05
pace_t-3_6:07,1.8558863e-05,-1.8558863e-05
"pace_diff_1'15""",1.8410507e-05,-1.8410507e-05
"pace_previous_7'16""",1.8386707e-05,-1.8386707e-05
pace_t-2_6:04,1.8255849e-05,-1.8255849e-05
"pace_diff_-0'13""",1.8187462e-05,1.8187462e-05
pace_t-3_6:04,1.7629782e-05,-1.7629782e-05
"pace_previous_7'12""",1.7524226e-05,1.7524226e-05
"pace_previous_7'51""",1.748249e-05,1.748249e-05
"7d_avg_pace_5'39""",1.7392127e-05,1.7392127e-05
"pace_diff_-0'01""",1.6993268e-05,1.6993268e-05
"pace_previous_7'53""",1.6974222e-05,1.6974222e-05
"pace_previous_5'22""",1.6918428e-05,-1.6918428e-05
pace_t-2_7:35,1.6852475e-05,1.6852475e-05
"pace_previous_7'46""",1.603591e-05,1.603591e-05
"pace_diff_0'48""",1.5930726e-05,-1.5930726e-05
"pace_previous_5'44""",1.5854053e-05,-1.5854053e-05
pace_t-3_6:21,1.578239e-05,-1.578239e-05
"pace_previous_9'57""",1.5675982e-05,1.5675982e-05
pace_t-2_6:53,1.5343288e-05,-1.5343288e-05
pace_t-4_5:45,1.5313968e-05,1.5313968e-05
"pace_diff_0'08""",1.5252979e-05,-1.5252979e-05
"pace_diff_0'05""",1.5067062e-05,-1.5067062e-05
pace_t-1_7:34,1.477543e-05,1.477543e-05
pace_t-2_6:36,1.4707577e-05,1.4707577e-05
"30d_avg_pace_5'51""",1.3980022e-05,1.3980022e-05
pace_t-4_5:32,1.3972786e-05,-1.3972786e-05
"pace_diff_-0'54""",1.393561e-05,1.393561e-05
"30d_avg_pace_7'14""",1.3916892e-05,-1.6059535e-06
"pace_diff_-0'22""",1.3870053e-05,1.3870053e-05
pace_t-4_5:56,1.3851391e-05,1.3851391e-05
"7d_avg_pace_6'23""",1.3640548e-05,1.3640548e-05
"7d_avg_pace_7'38""",1.3296604e-05,1.3296604e-05
"pace_previous_8'20""",1.3063772e-05,-1.3063772e-05
pace_t-2_6:58,1.2928236e-05,-1.2928236e-05
"30d_avg_pace_5'35""",1.2865014e-05,1.2865014e-05
"pace_previous_6'05""",1.2787081e-05,-1.2787081e-05
"pace_previous_10'52""",1.2745144e-05,-1.2745144e-05
"pace_previous_5'49""",1.2616788e-05,-1.2616788e-05
pace_t-2_5:46,1.2517822e-05,1.2517822e-05
pace_t-2_5:55,1.2361143e-05,1.2361143e-05
pace_t-2_5:51,1.2294724e-05,1.2294724e-05
"pace_previous_7'15""",1.2044772e-05,-1.2044772e-05
pace_t-3_5:38,1.1909167e-05,-1.0914677e-05
pace_t-4_5:34,1.1863412e-05,-1.1863412e-05
pace_t-4_6:52,1.1646139e-05,1.1646139e-05
pace_t-4_6:35,1.1300069e-05,1.1300069e-05
"pace_previous_7'20""",1.129744e-05,-1.129744e-05
"7d_avg_pace_7'15""",1.1290751e-05,1.1290751e-05
pace_t-3_6:08,1.12720045e-05,-1.12720045e-05
pace_t-4_5:58,1.1205641e-05,1.1205641e-05
"pace_previous_5'34""",1.1129709e-05,-1.1129709e-05
"30d_avg_pace_5'52""",1.1089269e-05,-3.4232065e-07
pace_t-2_6:07,1.1024442e-05,-1.1024442e-05
pace_t-2_8:22,1.0773255e-05,-1.0773255e-05
"pace_diff_-0'46""",1.0592896e-05,-1.0592896e-05
pace_t-3_7:57,1.0430061e-05,1.0430061e-05
"7d_avg_pace_5'46""",1.0391287e-05,-1.0391287e-05
"pace_previous_4'53""",1.0226387e-05,-1.0226387e-05
pace_t-4_7:47,1.0200569e-05,-1.0200569e-05
"pace_diff_1'30""",1.0161856e-05,1.0161856e-05
"7d_avg_pace_6'39""",1.01407095e-05,-1.01407095e-05
"pace_previous_5'30""",9.930714e-06,-7.362953e-06
"pace_previous_5'54""",9.567763e-06,-9.567763e-06
pace_t-4_5:51,9.539695e-06,9.539695e-06
"pace_previous_6'06""",9.346923e-06,-9.346923e-06
pace_t-3_5:36,9.334725e-06,9.334725e-06
pace_t-4_5:44,9.13283e-06,-9.13283e-06
pace_t-3_8:10,9.068552e-06,-9.068552e-06
"30d_avg_pace_5'49""",8.938037e-06,-8.938037e-06
"pace_previous_7'19""",8.935953e-06,-8.935953e-06
"7d_avg_pace_8'36""",8.898483e-06,8.898483e-06
pace_t-3_5:52,8.861893e-06,-8.861893e-06
pace_t-1_5:51,8.752016e-06,-8.752016e-06
"30d_avg_pace_6'09""",8.337251e-06,-1.570054e-06
"30d_avg_pace_6'00""",8.33248e-06,8.33248e-06
pace_t-3_5:53,8.259613e-06,-8.259613e-06
pace_t-4_6:06,8.1836115e-06,-8.1836115e-06
pace_t-4_8:32,8.168627e-06,-8.168627e-06
"pace_diff_0'02""",8.164248e-06,-2.8179725e-06
"30d_avg_pace_6'26""",8.099866e-06,8.099866e-06
"pace_diff_0'18""",8.07626e-06,8.07626e-06
"pace_previous_7'44""",8.032854e-06,-8.032854e-06
pace_t-3_5:50,7.920028e-06,-6.5344248e-06
"pace_diff_0'31""",7.753286e-06,-7.753286e-06
pace_t-2_5:34,7.580534e-06,-7.580534e-06
"30d_avg_pace_8'48""",7.549606e-06,7.549606e-06
"pace_previous_7'57""",7.5366706e-06,7.5366706e-06
pace_t-3_5:45,7.3443657e-06,7.3443657e-06
"pace_previous_7'31""",7.2317475e-06,-7.2317475e-06
pace_t-2_5:36,6.832979e-06,-6.832979e-06
"pace_previous_8'03""",6.827071e-06,6.827071e-06
"pace_previous_6'01""",6.7701535e-06,-6.7701535e-06
"7d_avg_pace_8'50""",6.723815e-06,6.723815e-06
pace_t-2_5:54,6.659663e-06,6.659663e-06
"pace_previous_5'23""",6.6171347e-06,6.6171347e-06
pace_t-2_5:52,6.5279246e-06,-6.5279246e-06
"7d_avg_pace_5'40""",6.4997917e-06,-6.4997917e-06
"30d_avg_pace_5'55""",6.448354e-06,-6.448354e-06
"pace_diff_-1'30""",6.359683e-06,-6.359683e-06
"30d_avg_pace_8'38""",6.1843816e-06,-6.1843816e-06
pace_t-1_6:15,6.1272194e-06,-6.1272194e-06
"pace_previous_7'38""",6.0858024e-06,6.0858024e-06
"pace_previous_8'47""",6.0288958e-06,6.0288958e-06
pace_t-3_7:48,5.6802387e-06,5.6802387e-06
"pace_diff_0'14""",5.6252575e-06,-5.6252575e-06
"pace_previous_8'07""",5.6080366e-06,5.6080366e-06
"pace_previous_6'47""",5.5573005e-06,5.5573005e-06
"7d_avg_pace_5'56""",5.544562e-06,5.544562e-06
"pace_diff_-0'06""",5.4527463e-06,-5.4527463e-06
"pace_previous_5'39""",5.4316906e-06,-5.4316906e-06
pace_t-4_6:03,5.3344284e-06,5.3344284e-06
"pace_diff_0'29""",5.2912915e-06,-5.2912915e-06
pace_t-2_6:14,5.2009386e-06,-5.2009386e-06
"30d_avg_pace_8'01""",5.125617e-06,5.125617e-06
pace_t-4_6:13,5.119579e-06,-5.119579e-06
pace_t-4_5:17,5.108078e-06,-5.108078e-06
"7d_avg_pace_6'15""",4.9143023e-06,-4.9143023e-06
"pace_diff_-0'34""",4.6976356e-06,4.6976356e-06
"pace_diff_-0'07""",4.54027e-06,4.54027e-06
"pace_previous_8'36""",4.4478943e-06,4.4478943e-06
pace_t-4_6:29,4.2755682e-06,-4.2755682e-06
pace_t-4_6:04,4.252734e-06,-4.252734e-06
"30d_avg_pace_6'02""",4.249034e-06,-4.249034e-06
"pace_previous_6'08""",4.2181014e-06,4.2181014e-06
pace_t-3_5:43,4.1972166e-06,4.1972166e-06
pace_t-4_5:20,4.155524e-06,4.155524e-06
"pace_diff_-0'36""",4.129037e-06,4.129037e-06
"30d_avg_pace_8'22""",4.0978025e-06,-4.0978025e-06
pace_t-3_6:03,4.0470077e-06,-4.0470077e-06
"pace_diff_0'21""",4.0141726e-06,-4.0141726e-06
pace_t-2_6:11,4.007686e-06,-4.007686e-06
pace_t-2_5:41,4.0023233e-06,-4.0023233e-06
"pace_diff_0'35""",3.8956837e-06,-3.8956837e-06
pace_t-2_5:50,3.875641e-06,-3.875641e-06
"pace_diff_2'09""",3.6856318e-06,3.6856318e-06
pace_t-3_8:01,3.6365388e-06,3.6365388e-06
"7d_avg_pace_8'29""",3.635062e-06,-3.635062e-06
"pace_previous_6'13""",3.596611e-06,-3.596611e-06
"pace_previous_5'19""",3.5476817e-06,-3.5476817e-06
"pace_previous_6'15""",3.417435e-06,-3.417435e-06
"pace_previous_6'18""",3.3723031e-06,3.3723031e-06
"pace_diff_0'27""",3.3365284e-06,-3.3365284e-06
"pace_diff_1'26""",3.3293356e-06,3.3293356e-06
pace_t-2_6:25,3.3169224e-06,-3.3169224e-06
"pace_previous_6'11""",3.2660957e-06,-3.2660957e-06
pace_t-2_5:23,3.2446037e-06,3.2446037e-06
"pace_previous_7'47""",3.17609e-06,-3.17609e-06
"pace_previous_9'40""",3.1623388e-06,-3.1623388e-06
"pace_diff_-0'26""",3.0881774e-06,-3.0881774e-06
"pace_previous_8'56""",3.071632e-06,3.071632e-06
"pace_previous_5'47""",3.0460071e-06,-3.0460071e-06
"pace_diff_0'22""",2.9535192e-06,-2.9535192e-06
"pace_previous_8'10""",2.8620564e-06,-2.8620564e-06
"pace_diff_-0'48""",2.8207253e-06,-2.8207253e-06
"pace_previous_6'59""",2.8184093e-06,-2.8184093e-06
pace_t-3_5:21,2.778558e-06,-2.778558e-06
"pace_previous_5'29""",2.7528097e-06,2.7528097e-06
pace_t-3_6:14,2.5820234e-06,-2.5820234e-06
pace_t-4_6:58,2.567411e-06,-2.567411e-06
"pace_diff_-1'20""",2.5643096e-06,-2.5643096e-06
"7d_avg_pace_6'00""",2.4054154e-06,2.4054154e-06
"30d_avg_pace_8'06""",2.3728005e-06,-2.3728005e-06
"7d_avg_pace_5'48""",2.3164928e-06,-2.3164928e-06
pace_t-4_7:51,2.3117839e-06,2.3117839e-06
"pace_previous_8'26""",2.1546732e-06,-2.1546732e-06
pace_t-2_6:03,2.1077612e-06,-2.1077612e-06
"pace_diff_-0'56""",1.8783137e-06,1.8783137e-06
"pace_previous_8'13""",1.7423799e-06,-1.7423799e-06
"pace_previous_6'07""",1.6995062e-06,-1.6995062e-06
"pace_previous_9'16""",1.5491443e-06,-1.5491443e-06
pace_t-4_5:11,0.0,0.0
pace_t-4_5:09,0.0,0.0
pace_t-4_5:37,0.0,0.0
pace_t-4_5:28,0.0,0.0
"30d_avg_pace_8'57""",0.0,0.0
pace_t-4_5:14,0.0,0.0
pace_t-4_5:10,0.0,0.0
pace_t-4_7:05,0.0,0.0
pace_t-4_5:36,0.0,0.0
pace_t-4_7:03,0.0,0.0
pace_t-4_7:00,0.0,0.0
pace_t-4_5:25,0.0,0.0
pace_t-4_5:35,0.0,0.0
"30d_avg_pace_8'55""",0.0,0.0
pace_t-4_5:27,0.0,0.0
pace_t-4_7:07,0.0,0.0
pace_t-4_7:15,0.0,0.0
pace_t-4_5:16,0.0,0.0
pace_t-4_5:23,0.0,0.0
pace_t-4_5:22,0.0,0.0
"30d_avg_pace_8'36""",0.0,0.0
pace_t-4_5:21,0.0,0.0
pace_t-4_5:31,0.0,0.0
pace_t-4_7:10,0.0,0.0
"30d_avg_pace_8'53""",0.0,0.0
pace_t-4_7:11,0.0,0.0
pace_t-4_5:19,0.0,0.0
pace_t-4_7:01,0.0,0.0
pace_t-4_5:18,0.0,0.0
pace_t-4_5:29,0.0,0.0
"30d_avg_pace_8'52""",0.0,0.0
pace_t-4_7:32,0.0,0.0
pace_t-4_6:59,0.0,0.0
pace_t-4_7:12,0.0,0.0
pace_t-4_5:24,0.0,0.0
pace_t-4_5:33,0.0,0.0
pace_t-4_7:13,0.0,0.0
pace_t-4_5:30,0.0,0.0
pace_t-4_7:34,0.0,0.0
"30d_avg_pace_8'54""",0.0,0.0
pace_t-4_7:24,0.0,0.0
"30d_avg_pace_8'51""",0.0,0.0
pace_t-4_6:22,0.0,0.0
pace_t-4_6:28,0.0,0.0
pace_t-4_6:27,0.0,0.0
pace_t-4_6:26,0.0,0.0
pace_t-4_6:25,0.0,0.0
pace_t-4_6:24,0.0,0.0
pace_t-4_6:51,0.0,0.0
"30d_avg_pace_8'40""",0.0,0.0
pace_t-4_6:12,0.0,0.0
pace_t-4_6:20,0.0,0.0
pace_t-4_7:28,0.0,0.0
pace_t-4_6:19,0.0,0.0
pace_t-4_6:18,0.0,0.0
pace_t-4_6:17,0.0,0.0
pace_t-4_6:16,0.0,0.0
pace_t-4_6:30,0.0,0.0
pace_t-4_6:32,0.0,0.0
pace_t-4_6:33,0.0,0.0
pace_t-4_7:27,0.0,0.0
pace_t-4_6:34,0.0,0.0
pace_t-4_6:50,0.0,0.0
pace_t-4_6:36,0.0,0.0
pace_t-4_6:37,0.0,0.0
pace_t-4_6:47,0.0,0.0
pace_t-4_7:26,0.0,0.0
pace_t-4_6:39,0.0,0.0
pace_t-4_6:40,0.0,0.0
pace_t-4_6:41,0.0,0.0
pace_t-4_6:42,0.0,0.0
"30d_avg_pace_8'37""",0.0,0.0
pace_t-4_7:25,0.0,0.0
pace_t-4_6:44,0.0,0.0
pace_t-4_6:15,0.0,0.0
pace_t-4_6:11,0.0,0.0
pace_t-4_5:38,0.0,0.0
pace_t-4_5:43,0.0,0.0
pace_t-4_6:54,0.0,0.0
pace_t-4_5:47,0.0,0.0
pace_t-4_5:46,0.0,0.0
pace_t-4_7:29,0.0,0.0
pace_t-4_6:46,0.0,0.0
pace_t-4_7:19,0.0,0.0
"30d_avg_pace_8'49""",0.0,0.0
pace_t-4_6:10,0.0,0.0
pace_t-4_6:55,0.0,0.0
pace_t-4_6:56,0.0,0.0
pace_t-4_5:40,0.0,0.0
pace_t-4_6:57,0.0,0.0
pace_t-4_7:31,0.0,0.0
pace_t-4_5:39,0.0,0.0
pace_t-4_5:48,0.0,0.0
"30d_avg_pace_8'47""",0.0,0.0
pace_t-4_5:50,0.0,0.0
pace_t-4_7:16,0.0,0.0
"30d_avg_pace_8'46""",0.0,0.0
"30d_avg_pace_8'45""",0.0,0.0
"30d_avg_pace_7'13""",0.0,0.0
pace_t-4_7:20,0.0,0.0
"30d_avg_pace_8'44""",0.0,0.0
pace_t-4_5:59,0.0,0.0
pace_t-4_6:00,0.0,0.0
pace_t-4_6:01,0.0,0.0
pace_t-4_6:05,0.0,0.0
pace_t-4_6:07,0.0,0.0
pace_t-4_7:21,0.0,0.0
pace_t-4_6:08,0.0,0.0
pace_t-4_6:09,0.0,0.0
pace_t-4_7:30,0.0,0.0
"30d_avg_pace_7'07""",0.0,0.0
"30d_avg_pace_8'58""",0.0,0.0
"30d_avg_pace_9'22""",0.0,0.0
pace_t-3_7:32,0.0,0.0
pace_t-3_7:30,0.0,0.0
pace_t-3_7:29,0.0,0.0
pace_t-3_7:28,0.0,0.0
pace_t-3_7:27,0.0,0.0
pace_t-3_7:26,0.0,0.0
pace_t-3_7:25,0.0,0.0
pace_t-3_7:24,0.0,0.0
pace_t-3_7:21,0.0,0.0
pace_t-3_7:19,0.0,0.0
pace_t-3_7:00,0.0,0.0
pace_t-3_7:16,0.0,0.0
pace_t-3_7:15,0.0,0.0
pace_t-3_7:13,0.0,0.0
pace_t-3_7:12,0.0,0.0
pace_t-3_7:11,0.0,0.0
pace_t-3_7:10,0.0,0.0
pace_t-3_7:07,0.0,0.0
pace_t-3_7:05,0.0,0.0
pace_t-3_7:03,0.0,0.0
pace_t-3_7:33,0.0,0.0
pace_t-3_7:34,0.0,0.0
pace_t-3_7:35,0.0,0.0
pace_t-3_7:37,0.0,0.0
pace_t-3_8:04,0.0,0.0
pace_t-3_8:03,0.0,0.0
pace_t-3_8:00,0.0,0.0
pace_t-3_7:59,0.0,0.0
pace_t-3_7:56,0.0,0.0
pace_t-3_7:55,0.0,0.0
"30d_avg_pace_9'14""",0.0,0.0
pace_t-3_7:53,0.0,0.0
pace_t-3_7:52,0.0,0.0
pace_t-3_7:51,0.0,0.0
pace_t-3_7:50,0.0,0.0
pace_t-3_7:47,0.0,0.0
pace_t-3_7:46,0.0,0.0
"30d_avg_pace_9'18""",0.0,0.0
pace_t-3_7:42,0.0,0.0
pace_t-3_7:41,0.0,0.0
pace_t-3_7:40,0.0,0.0
pace_t-3_7:39,0.0,0.0
"30d_avg_pace_9'19""",0.0,0.0
pace_t-3_7:01,0.0,0.0
pace_t-3_6:59,0.0,0.0
pace_t-4_5:08,0.0,0.0
pace_t-3_6:24,0.0,0.0
pace_t-3_6:33,0.0,0.0
"30d_avg_pace_7'16""",0.0,0.0
pace_t-3_6:32,0.0,0.0
pace_t-3_6:30,0.0,0.0
"30d_avg_pace_9'36""",0.0,0.0
pace_t-3_6:28,0.0,0.0
pace_t-3_6:27,0.0,0.0
pace_t-3_6:26,0.0,0.0
pace_t-3_6:25,0.0,0.0
pace_t-3_6:23,0.0,0.0
pace_t-3_6:58,0.0,0.0
pace_t-3_6:22,0.0,0.0
pace_t-3_6:20,0.0,0.0
pace_t-3_6:19,0.0,0.0
pace_t-3_6:18,0.0,0.0
pace_t-3_6:17,0.0,0.0
"30d_avg_pace_9'40""",0.0,0.0
pace_t-3_6:16,0.0,0.0
"30d_avg_pace_9'41""",0.0,0.0
pace_t-3_6:15,0.0,0.0
pace_t-3_6:34,0.0,0.0
pace_t-3_6:35,0.0,0.0
pace_t-3_6:36,0.0,0.0
pace_t-3_6:37,0.0,0.0
"30d_avg_pace_9'30""",0.0,0.0
pace_t-3_6:57,0.0,0.0
pace_t-3_6:56,0.0,0.0
pace_t-3_6:55,0.0,0.0
pace_t-3_6:54,0.0,0.0
pace_t-3_6:53,0.0,0.0
pace_t-3_6:52,0.0,0.0
pace_t-3_6:51,0.0,0.0
pace_t-3_6:50,0.0,0.0
pace_t-3_6:47,0.0,0.0
pace_t-3_6:46,0.0,0.0
pace_t-3_6:44,0.0,0.0
"30d_avg_pace_7'15""",0.0,0.0
pace_t-3_6:42,0.0,0.0
"30d_avg_pace_9'33""",0.0,0.0
pace_t-3_6:41,0.0,0.0
pace_t-3_6:40,0.0,0.0
pace_t-3_6:39,0.0,0.0
pace_t-3_6:38,0.0,0.0
pace_t-3_8:05,0.0,0.0
pace_t-3_8:06,0.0,0.0
pace_t-3_8:07,0.0,0.0
pace_t-3_9:41,0.0,0.0
pace_t-4_10:50,0.0,0.0
pace_t-4_10:33,0.0,0.0
"30d_avg_pace_9'01""",0.0,0.0
pace_t-4_10:30,0.0,0.0
pace_t-4_10:17,0.0,0.0
pace_t-4_10:05,0.0,0.0
pace_t-3_9:58,0.0,0.0
pace_t-3_9:57,0.0,0.0
pace_t-3_9:43,0.0,0.0
pace_t-3_9:40,0.0,0.0
"30d_avg_pace_9'12""",0.0,0.0
pace_t-3_9:39,0.0,0.0
pace_t-3_9:36,0.0,0.0
pace_t-4_7:37,0.0,0.0
pace_t-3_9:25,0.0,0.0
pace_t-3_9:22,0.0,0.0
pace_t-3_9:21,0.0,0.0
pace_t-3_9:20,0.0,0.0
pace_t-3_9:19,0.0,0.0
pace_t-3_9:18,0.0,0.0
pace_t-4_10:52,0.0,0.0
pace_t-4_11:10,0.0,0.0
pace_t-4_11:20,0.0,0.0
pace_t-4_11:21,0.0,0.0
pace_t-4_5:06,0.0,0.0
pace_t-4_5:02,0.0,0.0
pace_t-4_5:00,0.0,0.0
"30d_avg_pace_9'00""",0.0,0.0
pace_t-4_4:58,0.0,0.0
pace_t-4_4:57,0.0,0.0
pace_t-4_4:56,0.0,0.0
pace_t-4_4:55,0.0,0.0
pace_t-4_4:53,0.0,0.0
pace_t-4_4:47,0.0,0.0
pace_t-4_4:45,0.0,0.0
pace_t-4_4:26,0.0,0.0
pace_t-4_27:45,0.0,0.0
pace_t-4_15:08,0.0,0.0
pace_t-4_13:11,0.0,0.0
pace_t-4_12:46,0.0,0.0
pace_t-4_12:17,0.0,0.0
pace_t-4_11:47,0.0,0.0
pace_t-4_11:25,0.0,0.0
pace_t-3_9:16,0.0,0.0
"30d_avg_pace_9'02""",0.0,0.0
pace_t-3_9:15,0.0,0.0
pace_t-3_8:37,0.0,0.0
pace_t-3_8:34,0.0,0.0
pace_t-3_8:32,0.0,0.0
pace_t-3_8:31,0.0,0.0
pace_t-3_8:29,0.0,0.0
pace_t-3_8:27,0.0,0.0
pace_t-3_8:26,0.0,0.0
pace_t-3_8:25,0.0,0.0
"30d_avg_pace_9'08""",0.0,0.0
pace_t-3_8:24,0.0,0.0
"30d_avg_pace_9'09""",0.0,0.0
pace_t-3_8:20,0.0,0.0
pace_t-3_8:17,0.0,0.0
pace_t-3_8:16,0.0,0.0
pace_t-3_8:15,0.0,0.0
pace_t-3_8:14,0.0,0.0
pace_t-3_8:13,0.0,0.0
pace_t-3_8:12,0.0,0.0
pace_t-3_8:11,0.0,0.0
pace_t-3_8:09,0.0,0.0
pace_t-3_8:36,0.0,0.0
pace_t-3_8:38,0.0,0.0
pace_t-3_9:11,0.0,0.0
pace_t-3_8:40,0.0,0.0
pace_t-3_9:10,0.0,0.0
pace_t-3_9:08,0.0,0.0
pace_t-3_9:05,0.0,0.0
"30d_avg_pace_9'04""",0.0,0.0
pace_t-3_9:04,0.0,0.0
pace_t-3_9:02,0.0,0.0
pace_t-3_9:00,0.0,0.0
pace_t-3_8:59,0.0,0.0
pace_t-3_8:56,0.0,0.0
pace_t-3_8:54,0.0,0.0
pace_t-3_8:51,0.0,0.0
pace_t-3_8:50,0.0,0.0
pace_t-3_8:49,0.0,0.0
"30d_avg_pace_9'05""",0.0,0.0
pace_t-3_8:45,0.0,0.0
pace_t-3_8:44,0.0,0.0
"30d_avg_pace_9'07""",0.0,0.0
pace_t-3_8:43,0.0,0.0
pace_t-3_8:42,0.0,0.0
pace_t-3_9:29,0.0,0.0
pace_t-4_8:51,0.0,0.0
pace_t-4_7:38,0.0,0.0
"7d_avg_pace_8'58""",0.0,0.0
"7d_avg_pace_9'09""",0.0,0.0
"7d_avg_pace_9'08""",0.0,0.0
"7d_avg_pace_9'07""",0.0,0.0
"7d_avg_pace_9'06""",0.0,0.0
"7d_avg_pace_9'05""",0.0,0.0
"7d_avg_pace_9'04""",0.0,0.0
"7d_avg_pace_9'02""",0.0,0.0
"7d_avg_pace_9'01""",0.0,0.0
"7d_avg_pace_9'00""",0.0,0.0
"7d_avg_pace_8'57""",0.0,0.0
"30d_avg_pace_12'17""",0.0,0.0
"7d_avg_pace_8'55""",0.0,0.0
"7d_avg_pace_8'54""",0.0,0.0
"7d_avg_pace_8'53""",0.0,0.0
"7d_avg_pace_8'52""",0.0,0.0
"7d_avg_pace_8'49""",0.0,0.0
"30d_avg_pace_8'07""",0.0,0.0
"7d_avg_pace_8'47""",0.0,0.0
"7d_avg_pace_8'45""",0.0,0.0
"30d_avg_pace_8'09""",0.0,0.0
"7d_avg_pace_9'10""",0.0,0.0
"7d_avg_pace_9'12""",0.0,0.0
"7d_avg_pace_9'13""",0.0,0.0
"7d_avg_pace_9'16""",0.0,0.0
"30d_avg_pace_11'09""",0.0,0.0
"30d_avg_pace_10'47""",0.0,0.0
"7d_avg_pace_9'57""",0.0,0.0
"7d_avg_pace_9'52""",0.0,0.0
"7d_avg_pace_9'51""",0.0,0.0
"7d_avg_pace_9'47""",0.0,0.0
"7d_avg_pace_9'42""",0.0,0.0
"30d_avg_pace_8'03""",0.0,0.0
"30d_avg_pace_8'05""",0.0,0.0
"7d_avg_pace_9'41""",0.0,0.0
"7d_avg_pace_9'36""",0.0,0.0
"7d_avg_pace_9'32""",0.0,0.0
"7d_avg_pace_9'29""",0.0,0.0
"7d_avg_pace_9'28""",0.0,0.0
"7d_avg_pace_9'27""",0.0,0.0
"7d_avg_pace_9'25""",0.0,0.0
"7d_avg_pace_9'22""",0.0,0.0
"7d_avg_pace_9'18""",0.0,0.0
"7d_avg_pace_9'17""",0.0,0.0
"7d_avg_pace_8'43""",0.0,0.0
"30d_avg_pace_8'10""",0.0,0.0
"7d_avg_pace_8'42""",0.0,0.0
"30d_avg_pace_8'14""",0.0,0.0
"7d_avg_pace_8'11""",0.0,0.0
"7d_avg_pace_8'10""",0.0,0.0
"7d_avg_pace_8'09""",0.0,0.0
"7d_avg_pace_8'08""",0.0,0.0
"7d_avg_pace_8'06""",0.0,0.0
"7d_avg_pace_8'05""",0.0,0.0
"7d_avg_pace_8'04""",0.0,0.0
"7d_avg_pace_8'03""",0.0,0.0
"7d_avg_pace_8'02""",0.0,0.0
"7d_avg_pace_8'01""",0.0,0.0
"7d_avg_pace_8'00""",0.0,0.0
"7d_avg_pace_7'59""",0.0,0.0
"7d_avg_pace_7'57""",0.0,0.0
"7d_avg_pace_7'56""",0.0,0.0
"7d_avg_pace_7'54""",0.0,0.0
"7d_avg_pace_7'53""",0.0,0.0
"7d_avg_pace_7'51""",0.0,0.0
"30d_avg_pace_8'15""",0.0,0.0
"7d_avg_pace_7'48""",0.0,0.0
"7d_avg_pace_8'13""",0.0,0.0
"7d_avg_pace_8'14""",0.0,0.0
"7d_avg_pace_8'41""",0.0,0.0
"7d_avg_pace_8'15""",0.0,0.0
"7d_avg_pace_8'40""",0.0,0.0
"30d_avg_pace_8'11""",0.0,0.0
"7d_avg_pace_8'39""",0.0,0.0
"7d_avg_pace_8'38""",0.0,0.0
"7d_avg_pace_8'37""",0.0,0.0
"7d_avg_pace_8'35""",0.0,0.0
"7d_avg_pace_8'34""",0.0,0.0
"7d_avg_pace_8'33""",0.0,0.0
"7d_avg_pace_8'30""",0.0,0.0
"7d_avg_pace_8'28""",0.0,0.0
"7d_avg_pace_8'27""",0.0,0.0
"7d_avg_pace_8'26""",0.0,0.0
"7d_avg_pace_8'25""",0.0,0.0
"7d_avg_pace_8'23""",0.0,0.0
"7d_avg_pace_8'22""",0.0,0.0
"30d_avg_pace_8'13""",0.0,0.0
"7d_avg_pace_8'21""",0.0,0.0
"7d_avg_pace_8'19""",0.0,0.0
"7d_avg_pace_8'18""",0.0,0.0
"30d_avg_pace_11'44""",0.0,0.0
"30d_avg_pace_13'07""",0.0,0.0
"7d_avg_pace_7'45""",0.0,0.0
"30d_avg_pace_6'31""",0.0,0.0
"30d_avg_pace_6'40""",0.0,0.0
"30d_avg_pace_6'39""",0.0,0.0
"30d_avg_pace_6'38""",0.0,0.0
"30d_avg_pace_6'37""",0.0,0.0
"30d_avg_pace_6'36""",0.0,0.0
"30d_avg_pace_6'35""",0.0,0.0
"30d_avg_pace_6'34""",0.0,0.0
"30d_avg_pace_7'38""",0.0,0.0
"30d_avg_pace_6'33""",0.0,0.0
"30d_avg_pace_7'40""",0.0,0.0
"30d_avg_pace_13'20""",0.0,0.0
"30d_avg_pace_6'30""",0.0,0.0
"30d_avg_pace_6'29""",0.0,0.0
"30d_avg_pace_7'44""",0.0,0.0
"30d_avg_pace_6'28""",0.0,0.0
"30d_avg_pace_6'27""",0.0,0.0
"30d_avg_pace_6'25""",0.0,0.0
"30d_avg_pace_6'24""",0.0,0.0
"30d_avg_pace_6'23""",0.0,0.0
"30d_avg_pace_6'22""",0.0,0.0
"30d_avg_pace_6'41""",0.0,0.0
"30d_avg_pace_7'35""",0.0,0.0
"30d_avg_pace_6'42""",0.0,0.0
"30d_avg_pace_7'33""",0.0,0.0
"30d_avg_pace_7'22""",0.0,0.0
"30d_avg_pace_7'25""",0.0,0.0
"30d_avg_pace_7'06""",0.0,0.0
"30d_avg_pace_7'29""",0.0,0.0
"30d_avg_pace_7'05""",0.0,0.0
"30d_avg_pace_7'04""",0.0,0.0
"30d_avg_pace_7'02""",0.0,0.0
"30d_avg_pace_7'01""",0.0,0.0
"30d_avg_pace_6'58""",0.0,0.0
"30d_avg_pace_6'57""",0.0,0.0
"30d_avg_pace_6'54""",0.0,0.0
"30d_avg_pace_6'51""",0.0,0.0
"30d_avg_pace_6'50""",0.0,0.0
"30d_avg_pace_6'49""",0.0,0.0
"30d_avg_pace_6'47""",0.0,0.0
"30d_avg_pace_6'46""",0.0,0.0
"30d_avg_pace_7'21""",0.0,0.0
"30d_avg_pace_7'30""",0.0,0.0
"30d_avg_pace_6'45""",0.0,0.0
"30d_avg_pace_6'21""",0.0,0.0
"30d_avg_pace_6'20""",0.0,0.0
"30d_avg_pace_6'19""",0.0,0.0
"30d_avg_pace_8'00""",0.0,0.0
"30d_avg_pace_5'45""",0.0,0.0
"30d_avg_pace_5'44""",0.0,0.0
"30d_avg_pace_8'02""",0.0,0.0
"30d_avg_pace_5'43""",0.0,0.0
"30d_avg_pace_5'42""",0.0,0.0
"30d_avg_pace_5'41""",0.0,0.0
"30d_avg_pace_5'40""",0.0,0.0
"30d_avg_pace_5'39""",0.0,0.0
"30d_avg_pace_5'37""",0.0,0.0
"30d_avg_pace_5'36""",0.0,0.0
"30d_avg_pace_5'34""",0.0,0.0
"30d_avg_pace_5'33""",0.0,0.0
"30d_avg_pace_5'32""",0.0,0.0
"30d_avg_pace_5'31""",0.0,0.0
"30d_avg_pace_5'30""",0.0,0.0
"30d_avg_pace_5'29""",0.0,0.0
"30d_avg_pace_27'45""",0.0,0.0
"30d_avg_pace_18'14""",0.0,0.0
"30d_avg_pace_15'06""",0.0,0.0
"30d_avg_pace_5'47""",0.0,0.0
"30d_avg_pace_5'50""",0.0,0.0
"30d_avg_pace_7'45""",0.0,0.0
"30d_avg_pace_7'59""",0.0,0.0
"30d_avg_pace_6'17""",0.0,0.0
"30d_avg_pace_6'16""",0.0,0.0
"30d_avg_pace_7'48""",0.0,0.0
"30d_avg_pace_6'14""",0.0,0.0
"30d_avg_pace_6'12""",0.0,0.0
"30d_avg_pace_6'11""",0.0,0.0
"30d_avg_pace_7'49""",0.0,0.0
"30d_avg_pace_6'10""",0.0,0.0
"30d_avg_pace_7'50""",0.0,0.0
"30d_avg_pace_7'53""",0.0,0.0
"30d_avg_pace_6'06""",0.0,0.0
"30d_avg_pace_7'55""",0.0,0.0
"30d_avg_pace_7'56""",0.0,0.0
"30d_avg_pace_7'57""",0.0,0.0
"30d_avg_pace_6'03""",0.0,0.0
"30d_avg_pace_6'01""",0.0,0.0
"30d_avg_pace_5'59""",0.0,0.0
"30d_avg_pace_5'58""",0.0,0.0
"30d_avg_pace_5'57""",0.0,0.0
"7d_avg_pace_7'47""",0.0,0.0
"30d_avg_pace_8'17""",0.0,0.0
pace_t-4_7:39,0.0,0.0
pace_t-4_9:08,0.0,0.0
pace_t-4_9:21,0.0,0.0
pace_t-4_9:20,0.0,0.0
pace_t-4_9:19,0.0,0.0
pace_t-4_9:18,0.0,0.0
pace_t-4_9:16,0.0,0.0
pace_t-4_9:15,0.0,0.0
"30d_avg_pace_7'18""",0.0,0.0
pace_t-4_9:11,0.0,0.0
pace_t-4_9:10,0.0,0.0
pace_t-4_9:05,0.0,0.0
"7d_avg_pace_5'19""",0.0,0.0
pace_t-4_9:04,0.0,0.0
pace_t-4_9:02,0.0,0.0
pace_t-4_9:00,0.0,0.0
pace_t-4_8:59,0.0,0.0
pace_t-4_8:56,0.0,0.0
pace_t-4_8:54,0.0,0.0
pace_t-4_8:50,0.0,0.0
pace_t-4_8:49,0.0,0.0
pace_t-4_8:47,0.0,0.0
pace_t-4_9:22,0.0,0.0
pace_t-4_9:25,0.0,0.0
pace_t-4_9:29,0.0,0.0
pace_t-4_9:36,0.0,0.0
"7d_avg_pace_5'15""",0.0,0.0
"7d_avg_pace_5'11""",0.0,0.0
"7d_avg_pace_5'07""",0.0,0.0
"7d_avg_pace_4'47""",0.0,0.0
"7d_avg_pace_27'45""",0.0,0.0
"7d_avg_pace_18'14""",0.0,0.0
"7d_avg_pace_15'06""",0.0,0.0
"30d_avg_pace_8'31""",0.0,0.0
"7d_avg_pace_11'08""",0.0,0.0
"7d_avg_pace_10'47""",0.0,0.0
"7d_avg_pace_10'20""",0.0,0.0
"7d_avg_pace_10'15""",0.0,0.0
"7d_avg_pace_10'07""",0.0,0.0
pace_t-4_9:58,0.0,0.0
pace_t-4_9:57,0.0,0.0
pace_t-4_9:43,0.0,0.0
pace_t-4_9:41,0.0,0.0
pace_t-4_9:40,0.0,0.0
pace_t-4_9:39,0.0,0.0
pace_t-4_8:45,0.0,0.0
pace_t-4_8:44,0.0,0.0
pace_t-4_8:43,0.0,0.0
pace_t-4_8:07,0.0,0.0
pace_t-4_8:05,0.0,0.0
pace_t-4_8:04,0.0,0.0
pace_t-4_8:03,0.0,0.0
pace_t-4_8:01,0.0,0.0
pace_t-4_8:00,0.0,0.0
pace_t-4_7:59,0.0,0.0
pace_t-4_7:57,0.0,0.0
pace_t-4_7:56,0.0,0.0
pace_t-4_7:55,0.0,0.0
pace_t-4_7:54,0.0,0.0
pace_t-4_7:53,0.0,0.0
pace_t-4_7:52,0.0,0.0
pace_t-4_7:50,0.0,0.0
pace_t-4_7:48,0.0,0.0
pace_t-4_7:45,0.0,0.0
pace_t-4_7:44,0.0,0.0
pace_t-4_7:42,0.0,0.0
pace_t-4_7:41,0.0,0.0
pace_t-4_7:40,0.0,0.0
pace_t-4_8:06,0.0,0.0
pace_t-4_8:09,0.0,0.0
pace_t-4_8:42,0.0,0.0
pace_t-4_8:10,0.0,0.0
pace_t-4_8:40,0.0,0.0
pace_t-4_8:38,0.0,0.0
pace_t-4_8:37,0.0,0.0
pace_t-4_8:36,0.0,0.0
pace_t-4_8:34,0.0,0.0
pace_t-4_8:31,0.0,0.0
pace_t-4_8:29,0.0,0.0
pace_t-4_8:27,0.0,0.0
pace_t-4_8:26,0.0,0.0
"30d_avg_pace_8'34""",0.0,0.0
pace_t-4_8:24,0.0,0.0
pace_t-4_8:20,0.0,0.0
pace_t-4_8:17,0.0,0.0
pace_t-4_8:16,0.0,0.0
pace_t-4_8:15,0.0,0.0
pace_t-4_8:14,0.0,0.0
pace_t-4_8:13,0.0,0.0
pace_t-4_8:12,0.0,0.0
pace_t-4_8:11,0.0,0.0
"7d_avg_pace_5'16""",0.0,0.0
"7d_avg_pace_5'21""",0.0,0.0
"7d_avg_pace_7'43""",0.0,0.0
"7d_avg_pace_6'45""",0.0,0.0
"7d_avg_pace_6'59""",0.0,0.0
"7d_avg_pace_6'58""",0.0,0.0
"7d_avg_pace_6'57""",0.0,0.0
"7d_avg_pace_6'56""",0.0,0.0
"7d_avg_pace_6'54""",0.0,0.0
"7d_avg_pace_6'53""",0.0,0.0
"7d_avg_pace_6'51""",0.0,0.0
"7d_avg_pace_6'50""",0.0,0.0
"7d_avg_pace_6'49""",0.0,0.0
"7d_avg_pace_6'44""",0.0,0.0
"7d_avg_pace_5'23""",0.0,0.0
"7d_avg_pace_6'41""",0.0,0.0
"7d_avg_pace_6'40""",0.0,0.0
"7d_avg_pace_6'38""",0.0,0.0
"7d_avg_pace_6'36""",0.0,0.0
"30d_avg_pace_7'12""",0.0,0.0
"7d_avg_pace_6'32""",0.0,0.0
"30d_avg_pace_8'19""",0.0,0.0
"30d_avg_pace_8'20""",0.0,0.0
"7d_avg_pace_6'28""",0.0,0.0
"30d_avg_pace_7'19""",0.0,0.0
"7d_avg_pace_7'01""",0.0,0.0
"7d_avg_pace_7'02""",0.0,0.0
"7d_avg_pace_7'05""",0.0,0.0
"7d_avg_pace_7'42""",0.0,0.0
"7d_avg_pace_7'40""",0.0,0.0
"7d_avg_pace_7'35""",0.0,0.0
"7d_avg_pace_7'34""",0.0,0.0
"7d_avg_pace_7'33""",0.0,0.0
"7d_avg_pace_7'30""",0.0,0.0
"7d_avg_pace_7'28""",0.0,0.0
"7d_avg_pace_7'26""",0.0,0.0
"30d_avg_pace_7'08""",0.0,0.0
"7d_avg_pace_7'24""",0.0,0.0
"7d_avg_pace_7'22""",0.0,0.0
"7d_avg_pace_7'21""",0.0,0.0
"7d_avg_pace_7'19""",0.0,0.0
"7d_avg_pace_7'13""",0.0,0.0
"7d_avg_pace_7'12""",0.0,0.0
"7d_avg_pace_7'11""",0.0,0.0
"7d_avg_pace_7'09""",0.0,0.0
"7d_avg_pace_7'07""",0.0,0.0
"7d_avg_pace_7'06""",0.0,0.0
"7d_avg_pace_6'27""",0.0,0.0
"7d_avg_pace_6'26""",0.0,0.0
pace_t-3_6:12,0.0,0.0
"7d_avg_pace_5'52""",0.0,0.0
"30d_avg_pace_8'28""",0.0,0.0
"7d_avg_pace_5'47""",0.0,0.0
"7d_avg_pace_5'45""",0.0,0.0
"30d_avg_pace_8'30""",0.0,0.0
"7d_avg_pace_5'42""",0.0,0.0
"7d_avg_pace_5'41""",0.0,0.0
"7d_avg_pace_5'38""",0.0,0.0
"7d_avg_pace_5'37""",0.0,0.0
"7d_avg_pace_5'36""",0.0,0.0
"7d_avg_pace_5'35""",0.0,0.0
"7d_avg_pace_5'34""",0.0,0.0
"7d_avg_pace_5'33""",0.0,0.0
"7d_avg_pace_5'31""",0.0,0.0
"7d_avg_pace_5'30""",0.0,0.0
"7d_avg_pace_5'29""",0.0,0.0
"7d_avg_pace_5'28""",0.0,0.0
"7d_avg_pace_5'27""",0.0,0.0
"7d_avg_pace_5'26""",0.0,0.0
"7d_avg_pace_5'25""",0.0,0.0
"7d_avg_pace_5'50""",0.0,0.0
"7d_avg_pace_5'53""",0.0,0.0
"7d_avg_pace_6'24""",0.0,0.0
"30d_avg_pace_8'27""",0.0,0.0
"7d_avg_pace_6'22""",0.0,0.0
"7d_avg_pace_6'21""",0.0,0.0
"7d_avg_pace_6'20""",0.0,0.0
"7d_avg_pace_6'17""",0.0,0.0
"30d_avg_pace_8'23""",0.0,0.0
"7d_avg_pace_6'14""",0.0,0.0
"7d_avg_pace_6'13""",0.0,0.0
"7d_avg_pace_6'12""",0.0,0.0
"7d_avg_pace_6'11""",0.0,0.0
"7d_avg_pace_6'10""",0.0,0.0
"7d_avg_pace_6'09""",0.0,0.0
"7d_avg_pace_6'08""",0.0,0.0
"30d_avg_pace_8'24""",0.0,0.0
"7d_avg_pace_6'05""",0.0,0.0
"7d_avg_pace_6'03""",0.0,0.0
"30d_avg_pace_8'26""",0.0,0.0
"7d_avg_pace_6'01""",0.0,0.0
"7d_avg_pace_5'58""",0.0,0.0
"7d_avg_pace_5'57""",0.0,0.0
"7d_avg_pace_6'25""",0.0,0.0
pace_t-2_8:27,0.0,0.0
pace_t-3_6:11,0.0,0.0
"pace_diff_0'59""",0.0,0.0
"pace_diff_1'13""",0.0,0.0
"pace_diff_1'12""",0.0,0.0
"pace_diff_1'10""",0.0,0.0
"pace_diff_1'09""",0.0,0.0
"pace_diff_1'07""",0.0,0.0
"pace_diff_1'06""",0.0,0.0
"pace_diff_1'05""",0.0,0.0
"pace_diff_1'04""",0.0,0.0
"pace_diff_1'03""",0.0,0.0
"pace_diff_1'01""",0.0,0.0
"pace_diff_0'57""",0.0,0.0
"pace_diff_0'37""",0.0,0.0
"pace_diff_0'56""",0.0,0.0
"pace_diff_0'54""",0.0,0.0
"pace_diff_0'53""",0.0,0.0
"pace_diff_0'52""",0.0,0.0
"pace_diff_0'47""",0.0,0.0
"pace_diff_0'45""",0.0,0.0
"pace_diff_0'43""",0.0,0.0
"pace_diff_0'42""",0.0,0.0
"pace_diff_0'41""",0.0,0.0
"pace_diff_0'40""",0.0,0.0
"pace_diff_1'14""",0.0,0.0
"pace_diff_1'19""",0.0,0.0
"pace_diff_1'20""",0.0,0.0
"pace_diff_1'21""",0.0,0.0
"pace_diff_2'22""",0.0,0.0
"pace_diff_2'19""",0.0,0.0
"pace_diff_2'07""",0.0,0.0
"pace_diff_2'03""",0.0,0.0
"pace_diff_2'01""",0.0,0.0
"pace_diff_1'57""",0.0,0.0
"pace_diff_1'54""",0.0,0.0
"pace_diff_1'52""",0.0,0.0
"pace_diff_1'51""",0.0,0.0
"pace_diff_1'50""",0.0,0.0
"pace_diff_1'46""",0.0,0.0
"pace_diff_1'44""",0.0,0.0
"pace_diff_1'40""",0.0,0.0
"pace_diff_1'36""",0.0,0.0
"pace_diff_1'35""",0.0,0.0
"pace_diff_1'34""",0.0,0.0
"pace_diff_1'31""",0.0,0.0
"pace_diff_1'29""",0.0,0.0
"pace_diff_1'27""",0.0,0.0
"pace_diff_1'23""",0.0,0.0
"pace_diff_1'22""",0.0,0.0
"pace_diff_0'39""",0.0,0.0
"pace_diff_0'36""",0.0,0.0
"pace_diff_2'30""",0.0,0.0
"pace_diff_-1'55""",0.0,0.0
"pace_diff_-3'08""",0.0,0.0
"pace_diff_-3'07""",0.0,0.0
"pace_diff_-3'05""",0.0,0.0
"pace_diff_-2'54""",0.0,0.0
"pace_diff_-2'43""",0.0,0.0
"pace_diff_-2'39""",0.0,0.0
"pace_diff_-2'36""",0.0,0.0
"pace_diff_-2'23""",0.0,0.0
"pace_diff_-19'01""",0.0,0.0
"pace_diff_-1'57""",0.0,0.0
"pace_diff_-1'53""",0.0,0.0
"pace_diff_0'34""",0.0,0.0
"pace_diff_-1'52""",0.0,0.0
"pace_diff_-1'51""",0.0,0.0
"pace_diff_-1'47""",0.0,0.0
"pace_diff_-1'46""",0.0,0.0
"pace_diff_-1'44""",0.0,0.0
"pace_diff_-1'42""",0.0,0.0
"pace_diff_-1'40""",0.0,0.0
"pace_diff_-1'37""",0.0,0.0
"pace_diff_-1'35""",0.0,0.0
"pace_diff_-1'28""",0.0,0.0
"pace_diff_-3'10""",0.0,0.0
"pace_diff_-3'16""",0.0,0.0
"pace_diff_-3'17""",0.0,0.0
"pace_diff_-3'19""",0.0,0.0
"pace_diff_0'33""",0.0,0.0
"pace_diff_0'32""",0.0,0.0
"pace_diff_0'30""",0.0,0.0
"pace_diff_0'28""",0.0,0.0
"pace_diff_0'26""",0.0,0.0
"pace_diff_0'25""",0.0,0.0
"pace_diff_0'24""",0.0,0.0
"pace_diff_0'23""",0.0,0.0
"pace_diff_0'17""",0.0,0.0
"pace_diff_0'16""",0.0,0.0
"pace_diff_0'15""",0.0,0.0
"pace_diff_0'12""",0.0,0.0
"pace_diff_0'10""",0.0,0.0
"pace_diff_0'07""",0.0,0.0
"pace_diff_0'06""",0.0,0.0
"pace_diff_0'00""",0.0,0.0
"pace_diff_-7'20""",0.0,0.0
"pace_diff_-5'23""",0.0,0.0
"pace_diff_-4'40""",0.0,0.0
"pace_diff_-4'08""",0.0,0.0
"pace_diff_-4'07""",0.0,0.0
"pace_diff_2'28""",0.0,0.0
"pace_diff_2'46""",0.0,0.0
"pace_diff_-1'25""",0.0,0.0
pace_t-1_5:39,0.0,0.0
pace_t-1_5:50,0.0,0.0
pace_t-1_5:49,0.0,0.0
pace_t-1_5:48,0.0,0.0
pace_t-1_5:47,0.0,0.0
pace_t-1_5:46,0.0,0.0
pace_t-1_5:45,0.0,0.0
pace_t-1_5:44,0.0,0.0
pace_t-1_5:43,0.0,0.0
pace_t-1_5:41,0.0,0.0
pace_t-1_5:40,0.0,0.0
pace_t-1_5:38,0.0,0.0
pace_t-1_5:25,0.0,0.0
pace_t-1_5:37,0.0,0.0
pace_t-1_5:36,0.0,0.0
pace_t-1_5:35,0.0,0.0
pace_t-1_5:34,0.0,0.0
pace_t-1_5:33,0.0,0.0
pace_t-1_5:32,0.0,0.0
pace_t-1_5:31,0.0,0.0
pace_t-1_5:30,0.0,0.0
pace_t-1_5:29,0.0,0.0
pace_t-1_5:28,0.0,0.0
pace_t-1_5:52,0.0,0.0
pace_t-1_5:53,0.0,0.0
pace_t-1_5:54,0.0,0.0
pace_t-1_5:55,0.0,0.0
pace_t-1_6:17,0.0,0.0
pace_t-1_6:16,0.0,0.0
pace_t-1_6:14,0.0,0.0
pace_t-1_6:13,0.0,0.0
pace_t-1_6:12,0.0,0.0
pace_t-1_6:11,0.0,0.0
pace_t-1_6:10,0.0,0.0
pace_t-1_6:09,0.0,0.0
pace_t-1_6:08,0.0,0.0
pace_t-1_6:07,0.0,0.0
pace_t-1_6:06,0.0,0.0
pace_t-1_6:05,0.0,0.0
pace_t-1_6:04,0.0,0.0
pace_t-1_6:03,0.0,0.0
pace_t-1_6:02,0.0,0.0
pace_t-1_6:01,0.0,0.0
pace_t-1_6:00,0.0,0.0
pace_t-1_5:59,0.0,0.0
pace_t-1_5:58,0.0,0.0
pace_t-1_5:57,0.0,0.0
pace_t-1_5:56,0.0,0.0
pace_t-1_5:27,0.0,0.0
pace_t-1_5:24,0.0,0.0
"pace_diff_2'53""",0.0,0.0
pace_t-1_10:33,0.0,0.0
pace_t-1_13:11,0.0,0.0
pace_t-1_12:46,0.0,0.0
pace_t-1_12:17,0.0,0.0
pace_t-1_11:47,0.0,0.0
pace_t-1_11:25,0.0,0.0
pace_t-1_11:21,0.0,0.0
pace_t-1_11:20,0.0,0.0
pace_t-1_11:10,0.0,0.0
pace_t-1_10:52,0.0,0.0
pace_t-1_10:50,0.0,0.0
pace_t-1_10:30,0.0,0.0
pace_t-1_5:23,0.0,0.0
pace_t-1_10:17,0.0,0.0
pace_t-1_10:05,0.0,0.0
"pace_diff_7'41""",0.0,0.0
"pace_diff_5'22""",0.0,0.0
"pace_diff_4'17""",0.0,0.0
"pace_diff_4'15""",0.0,0.0
"pace_diff_3'49""",0.0,0.0
"pace_diff_3'33""",0.0,0.0
"pace_diff_3'28""",0.0,0.0
"pace_diff_2'56""",0.0,0.0
pace_t-1_15:08,0.0,0.0
pace_t-1_27:45,0.0,0.0
pace_t-1_4:26,0.0,0.0
pace_t-1_4:45,0.0,0.0
pace_t-1_5:22,0.0,0.0
pace_t-1_5:21,0.0,0.0
pace_t-1_5:20,0.0,0.0
pace_t-1_5:19,0.0,0.0
pace_t-1_5:18,0.0,0.0
pace_t-1_5:17,0.0,0.0
pace_t-1_5:16,0.0,0.0
pace_t-1_5:14,0.0,0.0
pace_t-1_5:11,0.0,0.0
pace_t-1_5:10,0.0,0.0
pace_t-1_5:09,0.0,0.0
pace_t-1_5:08,0.0,0.0
pace_t-1_5:06,0.0,0.0
pace_t-1_5:02,0.0,0.0
pace_t-1_5:00,0.0,0.0
pace_t-1_4:58,0.0,0.0
pace_t-1_4:57,0.0,0.0
pace_t-1_4:56,0.0,0.0
pace_t-1_4:55,0.0,0.0
pace_t-1_4:53,0.0,0.0
pace_t-1_4:47,0.0,0.0
"pace_diff_-1'27""",0.0,0.0
"pace_diff_-1'16""",0.0,0.0
pace_t-3_6:10,0.0,0.0
"pace_previous_6'23""",0.0,0.0
"pace_previous_6'37""",0.0,0.0
"pace_previous_6'35""",0.0,0.0
"pace_previous_6'34""",0.0,0.0
"pace_previous_6'33""",0.0,0.0
"pace_previous_6'32""",0.0,0.0
"pace_previous_6'30""",0.0,0.0
"pace_previous_6'28""",0.0,0.0
"pace_previous_6'26""",0.0,0.0
"pace_previous_6'25""",0.0,0.0
"pace_previous_6'24""",0.0,0.0
"pace_previous_6'22""",0.0,0.0
"pace_previous_5'56""",0.0,0.0
"pace_previous_6'20""",0.0,0.0
"pace_previous_6'19""",0.0,0.0
"pace_previous_6'17""",0.0,0.0
"pace_previous_6'16""",0.0,0.0
"pace_previous_6'14""",0.0,0.0
"pace_previous_6'12""",0.0,0.0
"pace_previous_6'10""",0.0,0.0
"pace_previous_6'09""",0.0,0.0
"pace_previous_6'03""",0.0,0.0
"pace_previous_6'00""",0.0,0.0
"pace_previous_6'39""",0.0,0.0
"pace_previous_6'40""",0.0,0.0
"pace_previous_6'42""",0.0,0.0
"pace_previous_6'44""",0.0,0.0
"pace_previous_7'29""",0.0,0.0
"pace_previous_7'28""",0.0,0.0
"pace_previous_7'27""",0.0,0.0
"pace_previous_7'21""",0.0,0.0
"pace_previous_7'13""",0.0,0.0
"pace_previous_7'11""",0.0,0.0
"pace_previous_7'10""",0.0,0.0
"pace_previous_7'07""",0.0,0.0
"pace_previous_7'05""",0.0,0.0
"pace_previous_7'03""",0.0,0.0
"pace_previous_7'01""",0.0,0.0
"pace_previous_7'00""",0.0,0.0
"pace_previous_6'58""",0.0,0.0
"pace_previous_6'57""",0.0,0.0
"pace_previous_6'56""",0.0,0.0
"pace_previous_6'54""",0.0,0.0
"pace_previous_6'53""",0.0,0.0
"pace_previous_6'52""",0.0,0.0
"pace_previous_6'51""",0.0,0.0
"pace_previous_6'50""",0.0,0.0
"pace_previous_6'46""",0.0,0.0
"pace_previous_5'59""",0.0,0.0
"pace_previous_5'50""",0.0,0.0
"pace_previous_7'32""",0.0,0.0
"pace_previous_12'17""",0.0,0.0
"pace_previous_4'58""",0.0,0.0
"pace_previous_4'57""",0.0,0.0
"pace_previous_4'56""",0.0,0.0
"pace_previous_4'55""",0.0,0.0
"pace_previous_4'47""",0.0,0.0
"pace_previous_4'26""",0.0,0.0
"pace_previous_27'45""",0.0,0.0
"pace_previous_15'08""",0.0,0.0
"pace_previous_13'11""",0.0,0.0
"pace_previous_12'46""",0.0,0.0
"pace_previous_11'47""",0.0,0.0
"pace_previous_5'48""",0.0,0.0
"pace_previous_11'25""",0.0,0.0
"pace_previous_11'21""",0.0,0.0
"pace_previous_11'20""",0.0,0.0
"pace_previous_11'10""",0.0,0.0
"pace_previous_10'50""",0.0,0.0
"pace_previous_10'33""",0.0,0.0
"pace_previous_10'30""",0.0,0.0
"pace_previous_10'17""",0.0,0.0
"pace_previous_10'05""",0.0,0.0
is_weekend,0.0,0.0
"pace_previous_5'02""",0.0,0.0
"pace_previous_5'06""",0.0,0.0
"pace_previous_5'08""",0.0,0.0
"pace_previous_5'09""",0.0,0.0
"pace_previous_5'46""",0.0,0.0
"pace_previous_5'45""",0.0,0.0
"pace_previous_5'43""",0.0,0.0
"pace_previous_5'38""",0.0,0.0
"pace_previous_5'37""",0.0,0.0
"pace_previous_5'36""",0.0,0.0
"pace_previous_5'35""",0.0,0.0
"pace_previous_5'33""",0.0,0.0
"pace_previous_5'32""",0.0,0.0
"pace_previous_5'31""",0.0,0.0
"pace_previous_5'28""",0.0,0.0
"pace_previous_5'27""",0.0,0.0
"pace_previous_5'24""",0.0,0.0
"pace_previous_5'21""",0.0,0.0
"pace_previous_5'20""",0.0,0.0
"pace_previous_5'18""",0.0,0.0
"pace_previous_5'17""",0.0,0.0
"pace_previous_5'16""",0.0,0.0
"pace_previous_5'14""",0.0,0.0
"pace_previous_5'11""",0.0,0.0
"pace_previous_5'10""",0.0,0.0
"pace_previous_7'30""",0.0,0.0
"pace_previous_7'35""",0.0,0.0
"pace_diff_-1'15""",0.0,0.0
"pace_diff_-0'27""",0.0,0.0
"pace_diff_-0'39""",0.0,0.0
"pace_diff_-0'38""",0.0,0.0
"pace_diff_-0'37""",0.0,0.0
"pace_diff_-0'35""",0.0,0.0
"pace_diff_-0'33""",0.0,0.0
"pace_diff_-0'32""",0.0,0.0
"pace_diff_-0'31""",0.0,0.0
"pace_diff_-0'30""",0.0,0.0
"pace_diff_-0'29""",0.0,0.0
"pace_diff_-0'28""",0.0,0.0
"pace_diff_-0'25""",0.0,0.0
"pace_diff_-0'05""",0.0,0.0
"pace_diff_-0'24""",0.0,0.0
"pace_diff_-0'23""",0.0,0.0
"pace_diff_-0'21""",0.0,0.0
"pace_diff_-0'20""",0.0,0.0
"pace_diff_-0'19""",0.0,0.0
"pace_diff_-0'18""",0.0,0.0
"pace_diff_-0'17""",0.0,0.0
"pace_diff_-0'16""",0.0,0.0
"pace_diff_-0'14""",0.0,0.0
"pace_diff_-0'10""",0.0,0.0
"pace_diff_-0'40""",0.0,0.0
"pace_diff_-0'42""",0.0,0.0
"pace_diff_-0'43""",0.0,0.0
"pace_diff_-0'44""",0.0,0.0
"pace_diff_-1'12""",0.0,0.0
"pace_diff_-1'11""",0.0,0.0
"pace_diff_-1'10""",0.0,0.0
"pace_diff_-1'09""",0.0,0.0
"pace_diff_-1'08""",0.0,0.0
"pace_diff_-1'06""",0.0,0.0
"pace_diff_-1'05""",0.0,0.0
"pace_diff_-1'04""",0.0,0.0
"pace_diff_-1'02""",0.0,0.0
"pace_diff_-1'01""",0.0,0.0
"pace_diff_-1'00""",0.0,0.0
"pace_diff_-0'59""",0.0,0.0
"pace_diff_-0'57""",0.0,0.0
"pace_diff_-0'55""",0.0,0.0
"pace_diff_-0'53""",0.0,0.0
"pace_diff_-0'52""",0.0,0.0
"pace_diff_-0'51""",0.0,0.0
"pace_diff_-0'50""",0.0,0.0
"pace_diff_-0'49""",0.0,0.0
"pace_diff_-0'47""",0.0,0.0
"pace_diff_-0'45""",0.0,0.0
"pace_diff_-0'09""",0.0,0.0
"pace_diff_-0'04""",0.0,0.0
"pace_previous_7'39""",0.0,0.0
"pace_previous_8'12""",0.0,0.0
"pace_previous_8'42""",0.0,0.0
"pace_previous_8'40""",0.0,0.0
"pace_previous_8'38""",0.0,0.0
"pace_previous_8'37""",0.0,0.0
"pace_previous_8'34""",0.0,0.0
"pace_previous_8'29""",0.0,0.0
"pace_previous_8'25""",0.0,0.0
"pace_previous_8'16""",0.0,0.0
"pace_previous_8'15""",0.0,0.0
"pace_previous_8'14""",0.0,0.0
"pace_previous_8'11""",0.0,0.0
"pace_diff_-0'03""",0.0,0.0
"pace_previous_8'09""",0.0,0.0
"pace_previous_8'06""",0.0,0.0
"pace_previous_8'05""",0.0,0.0
"pace_previous_8'04""",0.0,0.0
"pace_previous_8'01""",0.0,0.0
"pace_previous_8'00""",0.0,0.0
"pace_previous_7'59""",0.0,0.0
"pace_previous_7'55""",0.0,0.0
"pace_previous_7'50""",0.0,0.0
"pace_previous_7'41""",0.0,0.0
"pace_previous_8'43""",0.0,0.0
"pace_previous_8'44""",0.0,0.0
"pace_previous_8'45""",0.0,0.0
"pace_previous_8'50""",0.0,0.0
"pace_previous_9'58""",0.0,0.0
"pace_previous_9'43""",0.0,0.0
"pace_previous_9'41""",0.0,0.0
"pace_previous_9'39""",0.0,0.0
"pace_previous_9'36""",0.0,0.0
"pace_previous_9'29""",0.0,0.0
"pace_previous_9'25""",0.0,0.0
"pace_previous_9'22""",0.0,0.0
"pace_previous_9'21""",0.0,0.0
"pace_previous_9'20""",0.0,0.0
"pace_previous_9'19""",0.0,0.0
"pace_previous_9'18""",0.0,0.0
"pace_previous_9'15""",0.0,0.0
"pace_previous_9'11""",0.0,0.0
"pace_previous_9'10""",0.0,0.0
"pace_previous_9'08""",0.0,0.0
"pace_previous_9'05""",0.0,0.0
"pace_previous_9'04""",0.0,0.0
"pace_previous_9'00""",0.0,0.0
"pace_previous_8'59""",0.0,0.0
"pace_previous_8'51""",0.0,0.0
pace_t-1_6:18,0.0,0.0
pace_t-1_6:19,0.0,0.0
pace_t-1_6:20,0.0,0.0
pace_t-2_7:42,0.0,0.0
pace_t-2_7:56,0.0,0.0
pace_t-2_7:55,0.0,0.0
pace_t-2_7:54,0.0,0.0
pace_t-2_7:53,0.0,0.0
pace_t-2_7:51,0.0,0.0
pace_t-2_7:50,0.0,0.0
pace_t-2_7:48,0.0,0.0
pace_t-2_7:47,0.0,0.0
pace_t-2_7:46,0.0,0.0
pace_t-2_7:44,0.0,0.0
pace_t-2_7:41,0.0,0.0
pace_t-2_7:26,0.0,0.0
pace_t-2_7:40,0.0,0.0
pace_t-2_7:39,0.0,0.0
pace_t-2_7:38,0.0,0.0
pace_t-2_7:37,0.0,0.0
pace_t-2_7:34,0.0,0.0
pace_t-2_7:32,0.0,0.0
pace_t-2_7:31,0.0,0.0
pace_t-2_7:30,0.0,0.0
pace_t-2_7:29,0.0,0.0
pace_t-2_7:28,0.0,0.0
pace_t-2_7:57,0.0,0.0
pace_t-2_7:59,0.0,0.0
pace_t-2_8:00,0.0,0.0
pace_t-2_8:01,0.0,0.0
pace_t-2_8:34,0.0,0.0
pace_t-2_8:32,0.0,0.0
pace_t-2_8:31,0.0,0.0
pace_t-2_8:29,0.0,0.0
pace_t-2_8:26,0.0,0.0
pace_t-2_8:25,0.0,0.0
pace_t-2_8:24,0.0,0.0
pace_t-2_8:20,0.0,0.0
pace_t-2_8:17,0.0,0.0
pace_t-2_8:16,0.0,0.0
pace_t-2_8:15,0.0,0.0
pace_t-2_8:14,0.0,0.0
pace_t-2_8:13,0.0,0.0
pace_t-2_8:12,0.0,0.0
pace_t-2_8:11,0.0,0.0
pace_t-2_8:10,0.0,0.0
pace_t-2_8:09,0.0,0.0
pace_t-2_8:06,0.0,0.0
pace_t-2_8:05,0.0,0.0
pace_t-2_8:04,0.0,0.0
pace_t-2_8:03,0.0,0.0
pace_t-2_7:27,0.0,0.0
pace_t-2_7:25,0.0,0.0
pace_t-2_8:37,0.0,0.0
pace_t-2_6:20,0.0,0.0
pace_t-2_6:39,0.0,0.0
pace_t-2_6:35,0.0,0.0
pace_t-2_6:34,0.0,0.0
pace_t-2_6:33,0.0,0.0
pace_t-2_6:32,0.0,0.0
pace_t-2_6:28,0.0,0.0
pace_t-2_6:26,0.0,0.0
pace_t-2_6:24,0.0,0.0
pace_t-2_6:23,0.0,0.0
pace_t-2_6:22,0.0,0.0
pace_t-2_6:19,0.0,0.0
pace_t-2_7:24,0.0,0.0
pace_t-2_6:18,0.0,0.0
pace_t-2_6:17,0.0,0.0
pace_t-2_6:16,0.0,0.0
pace_t-2_6:15,0.0,0.0
pace_t-2_6:13,0.0,0.0
pace_t-2_6:12,0.0,0.0
pace_t-2_6:10,0.0,0.0
pace_t-2_6:09,0.0,0.0
pace_t-2_6:08,0.0,0.0
pace_t-2_6:05,0.0,0.0
pace_t-2_6:40,0.0,0.0
pace_t-2_6:41,0.0,0.0
pace_t-2_6:42,0.0,0.0
pace_t-2_6:46,0.0,0.0
pace_t-2_7:21,0.0,0.0
pace_t-2_7:19,0.0,0.0
pace_t-2_7:16,0.0,0.0
pace_t-2_7:15,0.0,0.0
pace_t-2_7:13,0.0,0.0
pace_t-2_7:12,0.0,0.0
pace_t-2_7:11,0.0,0.0
pace_t-2_7:10,0.0,0.0
pace_t-2_7:05,0.0,0.0
pace_t-2_7:03,0.0,0.0
pace_t-2_7:01,0.0,0.0
pace_t-2_7:00,0.0,0.0
pace_t-2_6:59,0.0,0.0
pace_t-2_6:57,0.0,0.0
pace_t-2_6:56,0.0,0.0
pace_t-2_6:55,0.0,0.0
pace_t-2_6:54,0.0,0.0
pace_t-2_6:52,0.0,0.0
pace_t-2_6:51,0.0,0.0
pace_t-2_6:50,0.0,0.0
pace_t-2_6:47,0.0,0.0
pace_t-2_8:36,0.0,0.0
pace_t-2_8:38,0.0,0.0
pace_t-1_6:21,0.0,0.0
pace_t-3_5:11,0.0,0.0
pace_t-3_5:27,0.0,0.0
pace_t-3_5:24,0.0,0.0
pace_t-3_5:23,0.0,0.0
pace_t-3_5:22,0.0,0.0
pace_t-3_5:20,0.0,0.0
pace_t-3_5:19,0.0,0.0
pace_t-3_5:18,0.0,0.0
pace_t-3_5:17,0.0,0.0
pace_t-3_5:16,0.0,0.0
pace_t-3_5:14,0.0,0.0
pace_t-3_5:10,0.0,0.0
pace_t-3_4:26,0.0,0.0
pace_t-3_5:09,0.0,0.0
pace_t-3_5:08,0.0,0.0
pace_t-3_5:02,0.0,0.0
pace_t-3_5:00,0.0,0.0
pace_t-3_4:58,0.0,0.0
pace_t-3_4:57,0.0,0.0
pace_t-3_4:56,0.0,0.0
pace_t-3_4:55,0.0,0.0
pace_t-3_4:53,0.0,0.0
pace_t-3_4:47,0.0,0.0
pace_t-3_5:28,0.0,0.0
pace_t-3_5:29,0.0,0.0
pace_t-3_5:30,0.0,0.0
pace_t-3_5:31,0.0,0.0
pace_t-3_6:09,0.0,0.0
pace_t-3_6:05,0.0,0.0
pace_t-3_6:00,0.0,0.0
pace_t-3_5:59,0.0,0.0
pace_t-3_5:58,0.0,0.0
pace_t-3_5:57,0.0,0.0
pace_t-3_5:56,0.0,0.0
pace_t-3_5:55,0.0,0.0
pace_t-3_5:54,0.0,0.0
pace_t-3_5:51,0.0,0.0
pace_t-3_5:49,0.0,0.0
pace_t-3_5:48,0.0,0.0
pace_t-3_5:47,0.0,0.0
pace_t-3_5:46,0.0,0.0
pace_t-3_5:44,0.0,0.0
pace_t-3_5:40,0.0,0.0
pace_t-3_5:39,0.0,0.0
pace_t-3_5:35,0.0,0.0
pace_t-3_5:34,0.0,0.0
pace_t-3_5:33,0.0,0.0
pace_t-3_5:32,0.0,0.0
pace_t-3_4:45,0.0,0.0
pace_t-3_27:45,0.0,0.0
pace_t-2_8:40,0.0,0.0
pace_t-2_9:02,0.0,0.0
pace_t-2_9:20,0.0,0.0
pace_t-2_9:19,0.0,0.0
pace_t-2_9:18,0.0,0.0
pace_t-2_9:16,0.0,0.0
pace_t-2_9:15,0.0,0.0
pace_t-2_9:11,0.0,0.0
pace_t-2_9:10,0.0,0.0
pace_t-2_9:08,0.0,0.0
pace_t-2_9:05,0.0,0.0
pace_t-2_9:04,0.0,0.0
pace_t-2_9:00,0.0,0.0
pace_t-3_15:08,0.0,0.0
pace_t-2_8:59,0.0,0.0
pace_t-2_8:56,0.0,0.0
pace_t-2_8:54,0.0,0.0
pace_t-2_8:51,0.0,0.0
pace_t-2_8:50,0.0,0.0
pace_t-2_8:49,0.0,0.0
pace_t-2_8:45,0.0,0.0
pace_t-2_8:44,0.0,0.0
pace_t-2_8:43,0.0,0.0
pace_t-2_8:42,0.0,0.0
pace_t-2_9:21,0.0,0.0
pace_t-2_9:22,0.0,0.0
pace_t-2_9:25,0.0,0.0
pace_t-2_9:29,0.0,0.0
pace_t-3_13:11,0.0,0.0
pace_t-3_12:46,0.0,0.0
pace_t-3_12:17,0.0,0.0
pace_t-3_11:47,0.0,0.0
pace_t-3_11:25,0.0,0.0
pace_t-3_11:21,0.0,0.0
pace_t-3_11:20,0.0,0.0
pace_t-3_11:10,0.0,0.0
pace_t-3_10:52,0.0,0.0
pace_t-3_10:50,0.0,0.0
pace_t-3_10:33,0.0,0.0
pace_t-3_10:30,0.0,0.0
pace_t-3_10:17,0.0,0.0
pace_t-3_10:05,0.0,0.0
pace_t-2_9:58,0.0,0.0
pace_t-2_9:57,0.0,0.0
pace_t-2_9:43,0.0,0.0
pace_t-2_9:41,0.0,0.0
pace_t-2_9:40,0.0,0.0
pace_t-2_9:39,0.0,0.0
pace_t-2_9:36,0.0,0.0
pace_t-2_6:02,0.0,0.0
pace_t-2_6:01,0.0,0.0
pace_t-2_6:00,0.0,0.0
pace_t-1_7:44,0.0,0.0
pace_t-1_7:55,0.0,0.0
pace_t-1_7:54,0.0,0.0
pace_t-1_7:53,0.0,0.0
pace_t-1_7:52,0.0,0.0
pace_t-1_7:51,0.0,0.0
pace_t-1_7:50,0.0,0.0
pace_t-1_7:48,0.0,0.0
pace_t-1_7:47,0.0,0.0
pace_t-1_7:46,0.0,0.0
pace_t-1_7:45,0.0,0.0
pace_t-1_7:42,0.0,0.0
pace_t-1_7:28,0.0,0.0
pace_t-1_7:41,0.0,0.0
pace_t-1_7:40,0.0,0.0
pace_t-1_7:39,0.0,0.0
pace_t-1_7:38,0.0,0.0
pace_t-1_7:37,0.0,0.0
pace_t-1_7:35,0.0,0.0
pace_t-1_7:33,0.0,0.0
pace_t-1_7:32,0.0,0.0
pace_t-1_7:31,0.0,0.0
pace_t-1_7:30,0.0,0.0
pace_t-1_7:56,0.0,0.0
pace_t-1_7:57,0.0,0.0
pace_t-1_7:59,0.0,0.0
pace_t-1_8:00,0.0,0.0
pace_t-1_8:27,0.0,0.0
pace_t-1_8:26,0.0,0.0
pace_t-1_8:25,0.0,0.0
pace_t-1_8:24,0.0,0.0
pace_t-1_8:22,0.0,0.0
pace_t-1_8:20,0.0,0.0
pace_t-1_8:17,0.0,0.0
pace_t-1_8:16,0.0,0.0
pace_t-1_8:15,0.0,0.0
pace_t-1_8:14,0.0,0.0
pace_t-1_8:13,0.0,0.0
pace_t-1_8:12,0.0,0.0
pace_t-1_8:11,0.0,0.0
pace_t-1_8:10,0.0,0.0
pace_t-1_8:09,0.0,0.0
pace_t-1_8:07,0.0,0.0
pace_t-1_8:06,0.0,0.0
pace_t-1_8:05,0.0,0.0
pace_t-1_8:04,0.0,0.0
pace_t-1_8:03,0.0,0.0
pace_t-1_8:01,0.0,0.0
pace_t-1_7:29,0.0,0.0
pace_t-1_7:27,0.0,0.0
pace_t-2_5:59,0.0,0.0
pace_t-1_6:35,0.0,0.0
pace_t-1_6:46,0.0,0.0
pace_t-1_6:44,0.0,0.0
pace_t-1_6:43,0.0,0.0
pace_t-1_6:42,0.0,0.0
pace_t-1_6:41,0.0,0.0
pace_t-1_6:40,0.0,0.0
pace_t-1_6:39,0.0,0.0
pace_t-1_6:38,0.0,0.0
pace_t-1_6:37,0.0,0.0
pace_t-1_6:36,0.0,0.0
pace_t-1_6:34,0.0,0.0
pace_t-1_7:26,0.0,0.0
pace_t-1_6:33,0.0,0.0
pace_t-1_6:32,0.0,0.0
pace_t-1_6:30,0.0,0.0
pace_t-1_6:28,0.0,0.0
pace_t-1_6:27,0.0,0.0
pace_t-1_6:26,0.0,0.0
pace_t-1_6:25,0.0,0.0
pace_t-1_6:24,0.0,0.0
pace_t-1_6:23,0.0,0.0
pace_t-1_6:22,0.0,0.0
pace_t-1_6:47,0.0,0.0
pace_t-1_6:50,0.0,0.0
pace_t-1_6:51,0.0,0.0
pace_t-1_6:52,0.0,0.0
pace_t-1_7:25,0.0,0.0
pace_t-1_7:21,0.0,0.0
pace_t-1_7:20,0.0,0.0
pace_t-1_7:19,0.0,0.0
pace_t-1_7:16,0.0,0.0
pace_t-1_7:15,0.0,0.0
pace_t-1_7:13,0.0,0.0
pace_t-1_7:12,0.0,0.0
pace_t-1_7:11,0.0,0.0
pace_t-1_7:10,0.0,0.0
pace_t-1_7:07,0.0,0.0
pace_t-1_7:05,0.0,0.0
pace_t-1_7:03,0.0,0.0
pace_t-1_7:01,0.0,0.0
pace_t-1_7:00,0.0,0.0
pace_t-1_6:59,0.0,0.0
pace_t-1_6:58,0.0,0.0
pace_t-1_6:57,0.0,0.0
pace_t-1_6:56,0.0,0.0
pace_t-1_6:54,0.0,0.0
pace_t-1_6:53,0.0,0.0
pace_t-1_8:29,0.0,0.0
pace_t-1_8:31,0.0,0.0
pace_t-1_8:34,0.0,0.0
pace_t-2_5:00,0.0,0.0
pace_t-2_5:18,0.0,0.0
pace_t-2_5:17,0.0,0.0
pace_t-2_5:16,0.0,0.0
pace_t-2_5:14,0.0,0.0
pace_t-2_5:11,0.0,0.0
pace_t-2_5:10,0.0,0.0
pace_t-2_5:09,0.0,0.0
pace_t-2_5:08,0.0,0.0
pace_t-2_5:06,0.0,0.0
pace_t-2_5:02,0.0,0.0
pace_t-2_4:58,0.0,0.0
pace_t-1_8:36,0.0,0.0
pace_t-2_4:57,0.0,0.0
pace_t-2_4:56,0.0,0.0
pace_t-2_4:55,0.0,0.0
pace_t-2_4:53,0.0,0.0
pace_t-2_4:47,0.0,0.0
pace_t-2_4:45,0.0,0.0
pace_t-2_4:26,0.0,0.0
pace_t-2_27:45,0.0,0.0
pace_t-2_15:08,0.0,0.0
pace_t-2_13:11,0.0,0.0
pace_t-2_5:19,0.0,0.0
pace_t-2_5:20,0.0,0.0
pace_t-2_5:21,0.0,0.0
pace_t-2_5:22,0.0,0.0
pace_t-2_5:57,0.0,0.0
pace_t-2_5:56,0.0,0.0
pace_t-2_5:53,0.0,0.0
pace_t-2_5:49,0.0,0.0
pace_t-2_5:48,0.0,0.0
pace_t-2_5:47,0.0,0.0
pace_t-2_5:45,0.0,0.0
pace_t-2_5:44,0.0,0.0
pace_t-2_5:43,0.0,0.0
pace_t-2_5:40,0.0,0.0
pace_t-2_5:39,0.0,0.0
pace_t-2_5:37,0.0,0.0
pace_t-2_5:35,0.0,0.0
pace_t-2_5:33,0.0,0.0
pace_t-2_5:32,0.0,0.0
pace_t-2_5:31,0.0,0.0
pace_t-2_5:30,0.0,0.0
pace_t-2_5:29,0.0,0.0
pace_t-2_5:28,0.0,0.0
pace_t-2_5:27,0.0,0.0
pace_t-2_5:24,0.0,0.0
pace_t-2_12:46,0.0,0.0
pace_t-2_12:17,0.0,0.0
pace_t-2_11:47,0.0,0.0
pace_t-1_9:16,0.0,0.0
pace_t-1_9:11,0.0,0.0
pace_t-1_9:10,0.0,0.0
pace_t-1_9:08,0.0,0.0
pace_t-1_9:05,0.0,0.0
pace_t-1_9:04,0.0,0.0
pace_t-1_9:02,0.0,0.0
pace_t-1_9:00,0.0,0.0
pace_t-1_8:59,0.0,0.0
pace_t-1_8:56,0.0,0.0
pace_t-1_8:54,0.0,0.0
pace_t-1_8:51,0.0,0.0
pace_t-1_8:50,0.0,0.0
pace_t-1_8:49,0.0,0.0
pace_t-1_8:47,0.0,0.0
pace_t-1_8:45,0.0,0.0
pace_t-1_8:44,0.0,0.0
pace_t-1_8:43,0.0,0.0
pace_t-1_8:42,0.0,0.0
pace_t-1_8:40,0.0,0.0
pace_t-1_8:38,0.0,0.0
pace_t-1_8:37,0.0,0.0
pace_t-1_9:15,0.0,0.0
pace_t-1_9:18,0.0,0.0
pace_t-2_11:25,0.0,0.0
pace_t-1_9:19,0.0,0.0
pace_t-2_11:21,0.0,0.0
pace_t-2_11:20,0.0,0.0
pace_t-2_11:10,0.0,0.0
pace_t-2_10:52,0.0,0.0
pace_t-2_10:50,0.0,0.0
pace_t-2_10:33,0.0,0.0
pace_t-2_10:30,0.0,0.0
pace_t-2_10:17,0.0,0.0
pace_t-2_10:05,0.0,0.0
pace_t-1_9:58,0.0,0.0
pace_t-1_9:57,0.0,0.0
pace_t-1_9:43,0.0,0.0
pace_t-1_9:41,0.0,0.0
pace_t-1_9:40,0.0,0.0
pace_t-1_9:39,0.0,0.0
pace_t-1_9:36,0.0,0.0
pace_t-1_9:29,0.0,0.0
pace_t-1_9:25,0.0,0.0
pace_t-1_9:22,0.0,0.0
pace_t-1_9:21,0.0,0.0
pace_t-1_9:20,0.0,0.0
"30d_avg_pace_9'43""",0.0,0.0
